UCygFARtkBQ5zwaK59jBRtSA=Dec 01, 2015•[АИИ]
UCWN0jyES5zYcrKz9sYyIUoA=Dec 01, 2015•[АИИ]
UCPPwiNxLXQnVIss8k_Ab3Xw=Dec 01, 2015•[АИИ]
UC09laquoXA6SOU6ToNLksJg=Dec 29, 2015•[АИИ]
UCBRHHJvSbmPY5dxWkDfncAA=Dec 29, 2015•[АИИ]
UC9VtocITYTPXAsK2yJ0dhrg=Dec 29, 2015•[АИИ]
UCiy4c970z_hz8k-izpkLsYQ=Dec 29, 2015•[АИИ]
UC7DT531TRLHAMka_4itVfQQ=Dec 29, 2015•[АИИ]
UCa9pCRgebK86zpP0ARr1SdA=Dec 29, 2015•[АИИ]
UCcq-_LZua1vliAZGvP9xerA=Dec 29, 2015•[АИИ]
UC_KPD6fgLzgbgigSOTJfYTA=Dec 29, 2015•[АИИ]
UCmUPMRx1TnEXhrdrRvj55nw=Dec 29, 2015•[АИИ]
UCM9lg1g7rCwbDyfIqlcmWKA=Dec 29, 2015•[АИИ]
UCp0v8vRwczoQ9lTdgidQWdw=Dec 29, 2015•[АИИ]
UCusyvp-8_NUyOry1VlUwFfw=Dec 29, 2015•[АИИ]
UCU2WkFfxmwDYj5nOQN3Ag4w=Dec 29, 2015•[АИИ]
UCfgFd2ADoI4ddk-nFdjhngQ=Dec 29, 2015•[АИИ]
UC9Y3yrE74H_C4-OfoXE7WMA=Dec 29, 2015•[АИИ]
UCvWF6XSiOUVZ9wZM9sPGYeQ=Feb 14, 2017•[АИИ]
UCqwcNCNDcNdY-qZGjEA4QSw=Feb 20, 2017•[АИИ]
UCh1fgcXcNPv1cvYYV1ykypg=Jun 16, 2017•[АИИ]
UCWkMufP3U-UM72ZLBP4C7Ng=Jun 20, 2017•[АИИ]
UCEEzrGcoOH_O5VAwqXq4GeA=Jun 28, 2017•[АИИ]
UCsg1OvtnV8pEMx-XpD31oDA=Jul 10, 2017•[АИИ]
UCwbIIKPshK60zLHbcRLnHFQ=Aug 11, 2017•[АИИ]
UCP-K16cjPqOgdRb1nZ3W21w=Sep 19, 2017•[АИИ]
UC525lToZ71goedIUWANDX1Q=Sep 26, 2017•[АИИ]
UCPoEt56UT-u3p4uK_3L-yjg=Sep 26, 2017•[АИИ]
UCZ0DUwVS11ZFoFVghr09oSA=Oct 01, 2017•[АИИ]
UCujjbhP-CWlISqbeoMFcJbQ=Oct 14, 2017•[АИИ]
UCRelbjYGVsbS9lG9pcL4sUQ=Oct 29, 2017•[АИИ]
UCNsJw4monMIAo3PdMmExt_g=Dec 12, 2017•[АИИ]
UCf8GzPH4DJBOwXDO0mroBgQ=Jan 01, 2018•[АИИ]
UCAUyDqDur2lhjm0dvQZzgBQ=Jan 11, 2018•[АИИ]
UCEvxsux0eisRQkBFSOYPPmQ=Apr 19, 2018•[АИИ]
UCyt6KEyBhkHW9sXLlL6Fw_w=Jun 07, 2018•[АИИ]
UCmqanNSUhHOt2-gc2O-8rfg=Sep 24, 2018•[АИИ]
UCBKnKzvSeTo3x5kGvzYmP5A=Sep 24, 2018•[АИИ]
UC0gXtnxZEdyitSUbLx3K_Gw=Sep 24, 2018•[АИИ]
UCY5YUYvIuOQaqSN61oRE1AA=Sep 24, 2018•[АИИ]
UCL-iFebTFIdo8te2Ah6SyFw=Sep 24, 2018•[АИИ]
UChMwXmMJgGVtOheVvyWy2Pw=Sep 24, 2018•[АИИ]
UCEaEFZbPUuF3MqmBY5IKgAw=Sep 24, 2018•[АИИ]
UCvBDIDjxQa7XjyrColSzdbA=Oct 08, 2018•[АИИ]
UCwEXIjzMf_yumrBbnLkaKaw=Oct 08, 2018•[АИИ]
UCGWWLE5N-CTVXMf5eF6m6VQ=Oct 08, 2018•[АИИ]
UCu5jn49Nu-pFUa8MlW3V0HQ=Oct 08, 2018•[АИИ]
UCLCKRWdNedkhq1Q1M6-DSNA=Oct 08, 2018•[АИИ]
UCehKEb1X0kL6aNfS6viAnQg=Oct 08, 2018•[АИИ]
UCfUpbhO9OzL11T441NUIL3A=Oct 08, 2018•[АИИ]
UC99Vxdzt0MIuyIvm2-Ck4pw=Oct 08, 2018•[АИИ]
UCRsMbVYl_YTjyg1XnfD8dPQ=Nov 12, 2018•[ИМА]
UCgI8P9lR75CwmWStR2KWDVg=Nov 13, 2018•[ИМА]
UCEE1lcqdIYqMpk5_FTV26vw=Nov 26, 2018•[ИМА]
UCvWBu6zybK8EzN4mQbAtZ_A=Nov 28, 2018•[ИМА]
UCPbnFELxgo4yHeCs-j0BBVQ=Nov 30, 2018•[АИИ]
UCWXPAaD4QxVGHlxLkjV46ZA=Dec 02, 2018•[ИМА]
UCAFMOmiTTcJx9payA4DQjKg=Dec 02, 2018•[ИМА]
UC72EhbDSq4zg81vSVWXx4MA=Feb 09, 2019•[АИИ]
UCqxTnJfcJgXkhrL_f3NTN-g=Feb 14, 2019•[АИИ]
UC1bIfaAK-gsQheo-iF4faLw=Feb 18, 2019•[АИИ]
UCcg7NKtMP-7NmYMmeY6oRXA=Mar 08, 2019•[ИМА]
UCcg7NKtMP-7NmYMmeY6oRXA=Mar 08, 2019•[ИМА]
UCThdJdyDmKH_A8_QLykEMFg=Mar 14, 2019•[АИИ]
UCRC3zlmDPXXe6biqBk2VU_Q=Mar 14, 2019•[АИИ]
UCjD_Yi8RxOWNofkOwu6CWGg=Mar 14, 2019•[ИМА]
UCQsrJ9BQvGifHmX1ZmmGC6g=Mar 14, 2019•[ИМА]
UCl9j_WgXxnnqVS23XjrJ79w=Mar 22, 2019•[ИМА]
UCwUCLQO2Uiztqc0tuqCwi-A=Mar 22, 2019•[АИИ]
UCk1Ba2oLDzTHU4bpevj7zVw=Mar 22, 2019•[ИМА]
UCi5uYGHjBkOeOpoGaKKLBsw=Mar 22, 2019•[АИИ]
UClGxxXdj1QivThfxWmZE-kw=Mar 22, 2019•[АИИ]
UCIksRuOdDz6TUPgqFtYSQRw=Mar 25, 2019•[АИИ]
UC9P2uNZ9-4bXpX3XZgmulFg=Mar 25, 2019•[АИИ]
UCWlt8ZI6M8jJq7IHnNMIofw=Mar 25, 2019•[АИИ]
UCrCX8YwV4tzdd0AIDsE4ccg=Mar 27, 2019•[ИМА]
UChArzWeVVeFFUbir8eryhZg=Mar 27, 2019•[ИМА]
UC36Xgwl07_amKT7sxjUr9kA=Mar 27, 2019•[ИМА]
UCIBoo9_17HHyTbqZkffS1hg=Mar 30, 2019•[АИИ]
UCKpJMTLRneAdi_6sqa6N2fg=Apr 02, 2019•[АИИ]
UCPYxY32Sn6xOKzNeR-wXr2A=Apr 04, 2019•[АИИ]
UCvEgNFaA1muG3lqrBD0uyvA=Apr 04, 2019•[АИИ]
UCYAMgYcxeVS-eMLJ0fIJqCA=Apr 15, 2019•[ИМА]
UCGhQLThUsaia8KXWkzMmJ-A=Apr 15, 2019•[ИМА]
UC8suTIUHzRn_kegay9L8LWg=Apr 18, 2019•[АИИ]
UCUlJdS-OGoiS8Mge5Z8KR6Q=Apr 18, 2019•[АИИ]
UCmpelQ8dtQFhmtU4QgaqDxw=Apr 18, 2019•[ИМА]
UCWbJX4zBEpYkpQ4tSJRmiQA=Apr 19, 2019•[ИМА]
UCgvg5UBNl6lwkBjRPYtV0Wg=Apr 19, 2019•[ИМА]
UCROigNo39XDcRfJsgci9Mdg=Apr 20, 2019•[АИИ]
UCN1NAC1FrghCHruIVuJnjWA=Apr 20, 2019•[АИИ]
UCBUb24BJcltJDwOQGnJy9yA=Apr 21, 2019•[АИИ]
UCvk8I9LHwIAjM7fowxpBmGA=Apr 21, 2019•[АИИ]
UCgnqMhKP_aUJOka-MJZH06w=Apr 21, 2019•[АИИ]
UCgnqMhKP_aUJOka-MJZH06w=Apr 21, 2019•[АИИ]
UCvk8I9LHwIAjM7fowxpBmGA=Apr 21, 2019•[АИИ]
UCTu7W-4QSmKrTsxjzJ0RFig=Apr 21, 2019•[АИИ]
UC46n6Bj3dUgzxOedA0qUqDQ=Apr 21, 2019•[АИИ]
UCgTb7ks2ynSjEhM_k7a_Zkw=Apr 21, 2019•[АИИ]
UCgTb7ks2ynSjEhM_k7a_Zkw=Apr 21, 2019•[АИИ]
UCIeJcm0_D7PcYIijujYj9Vw=Apr 21, 2019•[АИИ]
UCiuSKwpRQ2dmMw_nvJCy_Ug=Apr 21, 2019•[АИИ]
UCq_AocQXaNr6ftiCPkkx6nw=Apr 21, 2019•[АИИ]
UCYVtZLRqWiaGzS0QiANWhJw=Apr 21, 2019•[АИИ]
UCcfqRPEBz7FXoaPSUVJTEqA=Apr 21, 2019•[АИИ]
UCMuuEiDwRCJIvK_BHbwuJ9w=Apr 21, 2019•[АИИ]
UCO5whKAPzZhzisuCEO17BqA=Apr 21, 2019•[АИИ]
UCwo2b_ukCjiSjj5sv4l5J0Q=Apr 21, 2019•[АИИ]
UCQUuXhIKgs1xxNXlLTrCrRA=Apr 21, 2019•[АИИ]
UCyCRIww38R_v8XNH0Yp2WYQ=Apr 21, 2019•[АИИ]
UCIQB9E2uNOl1meuQDq7id2g=Apr 21, 2019•[АИИ]
UCyrtEvXs5zhWnHQYVxG3KTA=Apr 21, 2019•[АИИ]
UCLNfdyYumkCa4Qd0wpYKPRQ=Apr 21, 2019•[АИИ]
UC3BYVWGnbJLmeKBTVzombIw=Apr 21, 2019•[АИИ]
UCNiOC0U7mnzZHsTr21_FTRA=Apr 21, 2019•[АИИ]
UCqAdDJAo_Otu_lfakNE0bcw=Apr 21, 2019•[АИИ]
UCi5-dO-4fWyoxtBzRZqxl1Q=Apr 21, 2019•[АИИ]
UCQ6YR2F79sx4IXSNwnts-Bg=Apr 21, 2019•[АИИ]
UCo6NL7W59qq2gmlZ2NdrapA=Apr 21, 2019•[АИИ]
UCQlHTqASR8lTXH0FqtMr5Eg=Apr 23, 2019•[АИИ]
UCEcJn5pa5vg77h-nJx_k0qw=Apr 23, 2019•[АИИ]
UCf_p1V-TLe8SM5X9VAF5S1w=Apr 24, 2019•[ИМА]
UCFQMh9my6rxQFzxK00Gnw3Q=Apr 24, 2019•[ИМА]
UCYlzPcyqBc1uMsNoIcXrcJQ=Apr 25, 2019•[АИИ]
UCT3skKmcn1fIEp-ec2mNykQ=Apr 25, 2019•[ИМА]
UCOJlo1cBCXKZ2BjEpPOaSLg=Apr 25, 2019•[АИИ]
UC6Rj0nMqGkbJ9kR79E_cJ7Q=Apr 26, 2019•[АИИ]
UC-qdVdDApwRYtDBQCSwD9jg=Apr 26, 2019•[АИИ]
UCk4ig56sJ6mCiOisYFYplyg=Apr 26, 2019•[АИИ]
UCJOlgt1SeR9Mw-SBbhOTdiA=Apr 26, 2019•[АИИ]
UCFerq6LdoA2izAUUFdWu20A=Apr 26, 2019•[АИИ]
UCsmOZCBpMKnRcPs0vl5YFEg=Apr 26, 2019•[АИИ]
UC6dmP0cVJk70HQfImxxRAJg=Apr 26, 2019•[АИИ]
UCck72qKGgz3t0K251_GXNLg=Apr 26, 2019•[ИМА]
UCvbblt2NKbD-HMKO9Ne6dQg=Apr 26, 2019•[ИМА]
UChmXkHB-pwMuLnuLXyEjXJQ=Apr 26, 2019•[ИМА]
UCGwmMGK_RMvM7TpRw8hlDzQ=Apr 26, 2019•[АИИ]
UCBRZtw7hqAxQl-lxWsoCk7g=Apr 26, 2019•[АИИ]
UCTLvhyNscd14PBuoRm_Z9oQ=Apr 27, 2019•[АИИ]
UCQ18Amp-v4-qnLpIffIPLig=Apr 27, 2019•[АИИ]
UC3uS6R8AIgYuCOBl7DCKzgw=Apr 27, 2019•[АИИ]
UCU4YIBFgeTRzxLqzyvI7cWg=Apr 27, 2019•[АИИ]
UCP_jBpHKLQVclOPLHPFddfA=Apr 27, 2019•[АИИ]
UCqSAbZnBVCKPUgIWqdssR8A=Apr 27, 2019•[АИИ]
UCUh3QsqoKyhRhjUPH0A-8bA=Apr 27, 2019•[АИИ]
UCrX7gyfcgAr5JCflXoxrAJw=Apr 27, 2019•[АИИ]
UCpqn5LZmAYdhOcS-poE_6zQ=Apr 27, 2019•[АИИ]
UCtMyKtim8Z4lpvnItDbQInw=Apr 27, 2019•[АИИ]
UCAw9dGAKIatufmQDN2tlLPw=Apr 27, 2019•[АИИ]
UC32bsPbdesFEo7Xm8X85ySw=Apr 27, 2019•[АИИ]
UCuzwNBy2D8PZBhJT5ZCgO2Q=Apr 27, 2019•[АИИ]
UClbkZJg6WoVJWCA6Ij8f82w=Apr 27, 2019•[АИИ]
UC6SvZsBwZkkPNaZyVs1liOQ=Apr 27, 2019•[АИИ]
UCN-pLf0rGP5_akWe8zmANxQ=Apr 28, 2019•[АИИ]
UCnjbL0f6AifSZuOr1Hack1Q=Apr 28, 2019•[АИИ]
UCwqmco6VQu_PPUKoRNhC0ew=Apr 28, 2019•[АИИ]
UCypQ9wNMPYTtdprxCmfZfzA=Apr 28, 2019•[АИИ]
UCS3X3m-DAC_rKSJK2CxrOEw=Apr 28, 2019•[АИИ]
UCAuILQ37r5oCfdUykGHbdwA=Apr 28, 2019•[АИИ]
UCoECmt5HuZxJmC_Py-qUekQ=Apr 28, 2019•[АИИ]
UCNEADxc4I9RjMrsiVDtqaEA=Apr 28, 2019•[АИИ]
UCv6MKduPZjMNyKLeuqLhQDQ=Apr 28, 2019•[АИИ]
UCiUMtoL5ycHLI9tLJkW58gw=Apr 29, 2019•[АИИ]
UCDRuT2cS6usUe5zyAdLLqDg=Apr 29, 2019•[АИИ]
UCuDUHLaTD1_ieXNMBdXij1A=Apr 29, 2019•[АИИ]
UCJqG0VmsD_9uhsQghDZQzhw=Apr 29, 2019•[АИИ]
UCQ09ZL-XZcoJ7x_ZqFUpdZA=Apr 29, 2019•[ИМА]
UCVOykDUKGuvZvxO79Yz80rw=Apr 30, 2019•[АИИ]
UCaKSqsilRYIVdBrkqhyRP-A=Apr 30, 2019•[АИИ]
UCKdAQexNUIPJPmZzFbjmLqA=Apr 30, 2019•[АИИ]
UCNavuBgI53IBK2BQ7QnXvZw=May 01, 2019•[АИИ]
UC-RC2wUH1D893qTk2rhaqlA=May 01, 2019•[АИИ]
UCgRcq1zLB0Bra7kegpZGSNQ=May 01, 2019•[АИИ]
UCzaCdl_o0qtUll-2gHufK_w=May 01, 2019•[АИИ]
UC91sHD7lCdNMvvGjGL7uBeg=May 01, 2019•[АИИ]
UC3AdRxiHZ5qov5W8eItHLYg=May 02, 2019•[АИИ]
UCb7dUrSQBVVE3EUB0UgQbsA=May 02, 2019•[АИИ]
UCEmv_DH7vQEJHrp43HXe4HQ=May 02, 2019•[АИИ]
UC-A4l-Q8P4SEFWYJBcbanPA=May 02, 2019•[АИИ]
UCaz3lbXfv_mtUKVTSXzEVOA=May 02, 2019•[АИИ]
UCWtEVuHMa7PAa61AEnwEuEg=May 02, 2019•[АИИ]
UCuZy11oFgm7w3uHgA_OUVnw=May 02, 2019•[АИИ]
UCzG20iuGh14190DiKMqs7gw=May 02, 2019•[АИИ]
UCUmgnmfjf-mx5wyaNj7Zeiw=May 02, 2019•[АИИ]
UCE3LQMQoUVrp3JEFMxyPIEQ=May 02, 2019•[АИИ]
UCWMhoikyMjBib0P1tAGu5uQ=May 02, 2019•[АИИ]
UCE6XyIYo7rErMvj65_PDpYQ=May 02, 2019•[АИИ]
UCPBETe5hG9-_e8dnrXOdDNA=May 02, 2019•[АИИ]
UChXRKh0e9_NH74iqPDhD_3g=May 02, 2019•[АИИ]
UCoz-iL4m-5ytEaiAc3DJHww=May 02, 2019•[АИИ]
UCUIYAlU7wIJpwwaVpy3UMZQ=May 02, 2019•[АИИ]
UCTsUkFlg6t3pe8LpPGK1ngA=May 02, 2019•[АИИ]
UCR5SB6c37bZEL7PHriRz6Kw=May 02, 2019•[АИИ]
UCrqPe3uRTSz1b39FdolTgsA=May 02, 2019•[АИИ]
UC4jCPv4mdPJYFG7Z6OaG6bQ=May 02, 2019•[АИИ]
UCi5J6sHIyxXOYlJYAXxgMTg=May 02, 2019•[АИИ]
UCjvgKwjpVFP5CTA-7kMro5A=May 02, 2019•[АИИ]
UCWpXEdfXcMRVKdFO6VXnUpA=May 02, 2019•[АИИ]
UCfAq0sgTKzbWnCjJtaKEQSQ=May 02, 2019•[АИИ]
UCEm0EPCO-q_StP8HaAY0SsQ=May 02, 2019•[АИИ]
UClPL_k_aRYo99TpTvi8FywA=May 03, 2019•[АИИ]
UC4hVRN4k1LkucAD6sp7K7Rg=May 04, 2019•[АИИ]
UCBJtGyHtFZDDEW3Pdq_Dfew=May 05, 2019•[АИИ]
UC6WAP-oVUYzeaac4MJvTc1A=May 05, 2019•[АИИ]
UCNB1ufRLTOISgjTzvSFaH3g=May 06, 2019•[ИМА]
UCkEMaQqp-mtLC8IXBKkFQPw=May 06, 2019•[ИМА]
UCt87CIoVbY0Dorm42EyN5uA=May 06, 2019•[АИИ]
UCJ5SWl8bdVEwHMNUrNN0e1Q=May 06, 2019•[ИМА]
UCoHBssrWNuRhlSCq7kXSyOQ=May 06, 2019•[ИМА]
UCmJKFBqdm5GQNtIo73dzQrQ=May 09, 2019•[АИИ]
UC5huFuvVpTxDaIb9NWelkng=May 10, 2019•[АИИ]
UCw47msxqOFloXCbKEfrNzrA=May 11, 2019•[АИИ]
UCj6-jsprXlVWc5XTY48CphA=May 13, 2019•[АИИ]
UCiWqyDBhZYTZcypL02jBtEQ=May 14, 2019•[АИИ]
UC00OYIaUktINmyQstr_IqSg=May 14, 2019•[АИИ]
UCs3iBk6leouyODFt5fxcr3A=May 14, 2019•[ИМА]
UCRNXsTknWRE0IRCd5nTJqjQ=May 14, 2019•[ИМА]
UCRNXsTknWRE0IRCd5nTJqjQ=May 14, 2019•[ИМА]
UCzgWLoPDqZBlPjr47TN_soQ=May 16, 2019•[ИМА]
UC9gUR5TEtFCwNG0rOqlhifw=May 16, 2019•[ИМА]
UCDOXGdm7NFjF4-FvFhOZPlw=May 16, 2019•[АИИ]
UCgZUJZHeINUy1ZLStiU2TeA=May 16, 2019•[ИМА]
UCU0GsFpofp6B5wRjUh7s1qw=May 22, 2019•[ИМА]
UCU0GsFpofp6B5wRjUh7s1qw=May 22, 2019•[ИМА]
UCl7XbLWDlAo52ymQfEI09bA=May 23, 2019•[АИИ]
UCJ9E3A4iy-vw2ESToVLnQig=May 25, 2019•[АИИ]
UCoWYlZZ7aMPYuGXE0rnNbyg=May 29, 2019•[АИИ]
UCNOa2hu0EmyQh-THXVpT6Kw=May 29, 2019•[АИИ]
UC03HSX9cPax8B6uoo9kjgyA=May 29, 2019•[АИИ]
UCOh8NmOmDQlYcF-7f-2g40Q=May 29, 2019•[АИИ]
UCO5nyj2CbhOgcjGGgcjAFCA=May 29, 2019•[АИИ]
UCy90pMGv_mPXyJDLovevtVQ=May 31, 2019•[АИИ]
UCLJG3xAl1RzUaFPxM7IsklQ=May 31, 2019•[АИИ]
UCdIAseOBdMTEXPrvCNu7rLA=Jun 01, 2019•[АИИ]
UC1_lRh1TYxGLhddzHH0ZZvQ=Jun 02, 2019•[АИИ]
UChZBogU-LQ9il_6vnDSnJSg=Jun 02, 2019•[АИИ]
UCoAQEC9F86SuQpwBHNcIv_w=Jun 02, 2019•[АИИ]
UCDWhNRR0u8xyk1Q0JGeEM2A=Jun 03, 2019•[АИИ]
UCh7GXTHVEl5UIznSFTfp26A=Jun 03, 2019•[АИИ]
UCdL0fBYA-9QQ_-aRALRaJgg=Jun 03, 2019•[АИИ]
UCFASpshMzzt5LBSSm5ThTLw=Jun 03, 2019•[АИИ]
UCJ4cVVJ9gnyI-m6y_u98gag=Jun 06, 2019•[АИИ]
UC0Y5jvc9xqn9bsnYDdlhRlA=Jun 06, 2019•[АИИ]
UCeoNknrBQ0IVBtlRHYPXEZQ=Jun 06, 2019•[АИИ]
UC8VZaTqJH-QdeF_emS1rvGA=Jun 07, 2019•[АИИ]
UCIEfEecsVL2P2R9Pu2HHHkQ=Jun 07, 2019•[АИИ]
UCxafzdynPsMYFH63v9RR1xg=Jun 07, 2019•[АИИ]
UCrbPdMuyuPc7VCZk6KwxLbQ=Jun 10, 2019•[АИИ]
UCb-6HFFkR2O1Q_rkqDx3wDA=Jun 10, 2019•[АИИ]
UCKwDuUDT0iCkqtVXB2qRmJg=Jun 10, 2019•[АИИ]
UCxXxH8-tzsIRaEDfxT_BNVg=Jun 11, 2019•[АИИ]
UCEBS5syhFFHxT-0w0-6Wb-w=Jun 12, 2019•[АИИ]
UCggyTmMlqo6fd4eEiU5_B9g=Jun 12, 2019•[ИМА]
UCdGU-dwLCk6DQBSjanIaqyQ=Jun 13, 2019•[АИИ]
UCmSPbLztln-9TtXAUI__alQ=Jun 13, 2019•[АИИ]
UCPmtiPsdTWklouzFY5wYDgw=Jun 14, 2019•[АИИ]
UCvZ3H30Ah1sS-T4dRT5lOHA=Jun 14, 2019•[АИИ]
UCYtBcfewwam9A1uCVX6UPuQ=Jun 15, 2019•[АИИ]
UC6pvh5N35L1j-ayLu-Dcvww=Jun 17, 2019•[АИИ]
UCPFkFYALggJmaRqft2fWScw=Jun 17, 2019•[ИМА]
UCCo2f3Q-wemRwRIYmX8u4pA=Jun 19, 2019•[АИИ]
UCadJblXAXjxcCNHSqdlquFQ=Jun 21, 2019•[АИИ]
UC0IqXQ8623X0n3y4zduWunQ=Jul 01, 2019•[АИИ]
UClquNRISWxsrIKa4xsxCqdg=Jul 01, 2019•[АИИ]
UCeC4KWy6MgYYvDdmm78JXmA=Jul 02, 2019•[АИИ]
UChZe_Igk25qox2CQMLZaYEQ=Jul 02, 2019•[АИИ]
UCdobiqHXSTe11aOtsOYcndA=Jul 02, 2019•[ИМА]
UCa0yrwNFoO1pXqCTRw8vgYQ=Jul 02, 2019•[АИИ]
UCWdpkSjcI9qqtsdBupN43gA=Jul 02, 2019•[ИМА]
UChe9MR_aOHPn9Xbe5a5Ef6g=Jul 02, 2019•[ИМА]
UCgL45OorTRB2aKfCNxz23yg=Jul 04, 2019•[АИИ]
UCGC5bvl5w20AWwiT6-TYHWw=Jul 05, 2019•[АИИ]
UCHsiHBW9j01wNmILFWsppSQ=Jul 05, 2019•[АИИ]
UCbcTX3VsIq5Dxdjy2auZIHg=Jul 11, 2019•[АИИ]
UCzf2o-PwrbVlWyYw469qh8A=Jul 11, 2019•[АИИ]
UC7O2zPbGLprPvlIW_Cb698A=Jul 11, 2019•[АИИ]
UCuZ-Xw9L3avR_B80ql0MIXg=Jul 11, 2019•[ИМА]
UCs3eclMcZcsBj__WzenKPdQ=Jul 11, 2019•[ИМА]
UCTncqGerrh8dTJ84hEEVqqg=Jul 11, 2019•[ИМА]
UCTncqGerrh8dTJ84hEEVqqg=Jul 11, 2019•[ИМА]
UCb5PCSLN6x_JcPxZ8vmNJxQ=Jul 11, 2019•[АИИ]
UCC_J43KR0LEluXM85OBm9nQ=Jul 11, 2019•[АИИ]
UCyBXSS4QefvcUWv5-pvPpGQ=Jul 11, 2019•[АИИ]
UC8WIVNy5sKVMK4Y1fN8jlLw=Jul 11, 2019•[АИИ]
UCH3XotByf0aNxFoQfogLhfg=Jul 11, 2019•[ИМА]
UCE9pbxJrdiwKEX8busta8vg=Jul 11, 2019•[ИМА]
UCQvC1EKfWkhNrZhp6ueOfLw=Jul 13, 2019•[АИИ]
UCs-AGid8ctdUjPchW4SXB-g=Jul 13, 2019•[АИИ]
UC7sPpK3eeogusisjFXqonmA=Jul 16, 2019•[АИИ]
UCNyKPd0ML_udToq7OZ0q8hw=Jul 16, 2019•[АИИ]
UCfHAWGQamlmPtJoPy4zrlFA=Jul 16, 2019•[АИИ]
UCHY1kOu4AU-uhdzhAoR_tRg=Jul 16, 2019•[АИИ]
UCZYke85lBfrSFjjLL0G23pQ=Jul 16, 2019•[АИИ]
UCUO1i3nfhTOU_8ZleO10_Lw=Jul 21, 2019•[АИИ]
UCDxJJFz_noH1vbHIgirrrGw=Jul 22, 2019•[АИИ]
UCy-299wXZBUG2N6q6hJzI4g=Jul 26, 2019•[АИИ]
UCdTn-e2rR_BEM1hAefDreHw=Jul 29, 2019•[АИИ]
UCabE4bB9lm6RgW4Y8rrFqtg=Jul 29, 2019•[АИИ]
UC0ZKqVTheC7hdM7j9r3DIDg=Jul 29, 2019•[АИИ]
UCeTPqUp4nXrZyHfRJ1OhSYQ=Jul 30, 2019•[АИИ]
UClpylTT2W8YUQZCnrbUn5eA=Jul 31, 2019•[АИИ]
UCOg1ZG1hZSOOfHXcFHWkVZQ=Aug 03, 2019•[АИИ]
UC7PI5QY3MHoSGexnVHk9Mog=Aug 05, 2019•[ИМА]
UCiaIAZhsFIB2i4ER4nOm9yg=Aug 05, 2019•[ИМА]
UCzY2UXlF1dBRAkeUC3k1TsA=Aug 10, 2019•[АИИ]
UCH9VCj3gFA8o6RCgzRgxW3w=Aug 11, 2019•[АИИ]
UCrxRx8iVQgnmoGSdl6TYPJg=Aug 17, 2019•[АИИ]
UCq7S0Ow40ITLjOMIkj__IJQ=Aug 17, 2019•[АИИ]
UCXcKuVhjtHIpKVes342GALA=Aug 27, 2019•[АИИ]
UCzyfe7_KIEOHSvONsBmfcxg=Sep 12, 2019•[ИМА]
UC0NLwzMM1DXqDYl5jPiJptg=Sep 12, 2019•[ИМА]
UC86eM_5tuQrFtCiq7ZQ_K-Q=Sep 12, 2019•[ИМА]
UC-1f92JOSmnm6yFgN-ELlBA=Sep 14, 2019•[АИИ]
UC-vWQeRWGo91A2Qz_QuVhcQ=Sep 14, 2019•[АИИ]
UCOccM7AI3YuFkbzAfc0LN_g=Sep 14, 2019•[АИИ]
UCm62-fVqxM0X5fV_YkZCECA=Sep 16, 2019•[АИИ]
UCDcALJByaRNaGK2lG4deiSQ=Sep 20, 2019•[АИИ]
UCcvU_yx42A68YQvCB29FI9A=Sep 23, 2019•[АИИ]
UCNFVL2FUzRgeA95hRi3G0TA=Sep 23, 2019•[АИИ]
UCnujz5LtuAZ9pFKt1vO4Zbg=Sep 26, 2019•[АИИ]
UC7XB_-Rjb4ocZiVJ8wOYcDg=Oct 01, 2019•[АИИ]
UCCvThjloAvI1EDFqzvZN-pA=Oct 01, 2019•[АИИ]
UCbeBoX3_vERNTvpu7lQEXWA=Oct 01, 2019•[АИИ]
UCCvThjloAvI1EDFqzvZN-pA=Oct 01, 2019•[АИИ]
UCLnnAJ5A_nFwZ5QlxzNMX6Q=Oct 01, 2019•[АИИ]
UCvZHN-ygPs4VTzh_NkwhVtA=Oct 01, 2019•[АИИ]
UCJ0zpSSuBKENWOpcuXSpYJQ=Oct 01, 2019•[АИИ]
UCucD6vlKtDW2BcMte1tT6Mg=Oct 01, 2019•[АИИ]
UC8EELEhftohJ3Vw56dZ9FOA=Oct 05, 2019•[АИИ]
UCKLNcaiuy2dHrnyp37N8oHw=Oct 17, 2019•[АИИ]
UC0IJzFik_C73hO4HwU6rj5A=Oct 17, 2019•[ИМА]
UC_kYqk6dSQ3XJtbEpLdASYg=Oct 21, 2019•[ИМА]
UCvj918lFka3jTSr7_8m9nPw=Oct 22, 2019•[ИМА]
UCh9IeziizhyIeiFa_odgmsQ=Oct 24, 2019•[АИИ]
UCPH480zJydGsm_ND-pXEjDQ=Nov 03, 2019•[АИИ]
UC-jYB0IU1oT5bAi-GjEGqkg=Nov 06, 2019•[ИМА]
UC04kVWFxpWph2JM2DCVfg4A=Nov 06, 2019•[ИМА]
UCxlUn-QTf0zlb6eKzHjsYkQ=Nov 07, 2019•[ИМА]
UCg7SuZumK7tsfri6nP7CM5g=Nov 12, 2019•[ИМА]
UCg7VmgVB-9ERxO4IyNtqhhg=Nov 12, 2019•[ИМА]
UC5-sHr8xKub7pPXhEVqqgUA=Nov 12, 2019•[ИМА]
UCTH7BPMM8ShEP9IvowqZ9qg=Nov 12, 2019•[ИМА]
UCH2YeQC7SmaBw6-MIF-eoeg=Nov 13, 2019•[ИМА]
UCkbcyIqHgiQj7wnu51V2OGA=Nov 13, 2019•[ИМА]
UCQ_6btybX3u4daCzMgu0yeQ=May 11, 2019•[АИИ]
UCPvpHb9QOZPVmpWKyHE1MGg=Apr 21, 2019•[АИИ]
UCdWVoDKKjbfTyhGDsbyVsPw=Apr 21, 2019•[АИИ]
UCpiT2FjFJ8YuR885cWpGLGQ=Apr 21, 2019•[АИИ]
UCBhnakmZQ57MC_fwA9l9R1g=Apr 21, 2019•[АИИ]
UCT-8q9H7oD9f1QNGoAh52Gw=Mar 29, 2019•[ИМА]
UCOxziaRd2hKMw-ib3pMoVpg=Apr 28, 2019•[АИИ]
UCBKZyyKQtRa7wzGHJU-G8fQ=Apr 27, 2019•[АИИ]
UCJ5gyIDBwz7b1WWPLB9FNFA=Apr 21, 2019•[АИИ]
UCphsh2vJblt2lNTwGjyIFTA=May 02, 2019•[АИИ]
UCPn417nnV2Hh3w3YXqX5s5g=May 11, 2019•[АИИ]
UCvNXI_xqlhw7fAAcd5IWyHg=May 11, 2019•[АИИ]
UCUJwTSPZ2arNTPuF1lfAqeg=Apr 21, 2019•[АИИ]
UCfM8O2FfH-5cqHrA57_K6fQ=Apr 27, 2019•[АИИ]
UCnVz452HTRAl1uNnzFg73rg=May 2, 2019•[АИИ]
UC8026MWYBb0bY65x2BeEaVQ=Apr 21, 2019•[АИИ]
UCpoSdczM-MtRT24Lh3J_1jQ=Apr 21, 2019•[АИИ]
